PRAGMA foreign_keys=OFF;
BEGIN TRANSACTION;
CREATE TABLE IF NOT EXISTS "django_migrations" ("id" integer NOT NULL PRIMARY KEY AUTOINCREMENT, "app" varchar(255) NOT NULL, "name" varchar(255) NOT NULL, "applied" datetime NOT NULL);
INSERT INTO django_migrations VALUES(1,'contenttypes','0001_initial','2025-12-22 13:16:08.180960');
INSERT INTO django_migrations VALUES(2,'auth','0001_initial','2025-12-22 13:16:08.445213');
INSERT INTO django_migrations VALUES(3,'admin','0001_initial','2025-12-22 13:16:08.802252');
INSERT INTO django_migrations VALUES(4,'admin','0002_logentry_remove_auto_add','2025-12-22 13:16:09.024260');
INSERT INTO django_migrations VALUES(5,'admin','0003_logentry_add_action_flag_choices','2025-12-22 13:16:09.219260');
INSERT INTO django_migrations VALUES(6,'contenttypes','0002_remove_content_type_name','2025-12-22 13:16:09.441265');
INSERT INTO django_migrations VALUES(7,'auth','0002_alter_permission_name_max_length','2025-12-22 13:16:09.617258');
INSERT INTO django_migrations VALUES(8,'auth','0003_alter_user_email_max_length','2025-12-22 13:16:09.759264');
INSERT INTO django_migrations VALUES(9,'auth','0004_alter_user_username_opts','2025-12-22 13:16:09.940255');
INSERT INTO django_migrations VALUES(10,'auth','0005_alter_user_last_login_null','2025-12-22 13:16:10.102252');
INSERT INTO django_migrations VALUES(11,'auth','0006_require_contenttypes_0002','2025-12-22 13:16:10.353748');
INSERT INTO django_migrations VALUES(12,'auth','0007_alter_validators_add_error_messages','2025-12-22 13:16:10.749428');
INSERT INTO django_migrations VALUES(13,'auth','0008_alter_user_username_max_length','2025-12-22 13:16:11.117236');
INSERT INTO django_migrations VALUES(14,'auth','0009_alter_user_last_name_max_length','2025-12-22 13:16:11.551235');
INSERT INTO django_migrations VALUES(15,'auth','0010_alter_group_name_max_length','2025-12-22 13:16:11.839233');
INSERT INTO django_migrations VALUES(16,'auth','0011_update_proxy_permissions','2025-12-22 13:16:12.074234');
INSERT INTO django_migrations VALUES(17,'auth','0012_alter_user_first_name_max_length','2025-12-22 13:16:12.201234');
INSERT INTO django_migrations VALUES(18,'school_app','0001_initial','2025-12-22 13:16:12.559230');
INSERT INTO django_migrations VALUES(19,'sessions','0001_initial','2025-12-22 13:16:12.798230');
INSERT INTO django_migrations VALUES(20,'about_app','0001_initial','2025-12-22 14:11:27.981530');
INSERT INTO django_migrations VALUES(21,'contact_app','0001_initial','2025-12-22 14:11:28.123842');
INSERT INTO django_migrations VALUES(22,'about_app','0002_alter_teammember_position','2025-12-26 17:06:12.023693');
INSERT INTO django_migrations VALUES(23,'school_app','0002_documentcategory_downloadabledocument','2026-01-01 08:05:45.326847');
CREATE TABLE IF NOT EXISTS "auth_group_permissions" ("id" integer NOT NULL PRIMARY KEY AUTOINCREMENT, "group_id" integer NOT NULL REFERENCES "auth_group" ("id") DEFERRABLE INITIALLY DEFERRED, "permission_id" integer NOT NULL REFERENCES "auth_permission" ("id") DEFERRABLE INITIALLY DEFERRED);
CREATE TABLE IF NOT EXISTS "auth_user_groups" ("id" integer NOT NULL PRIMARY KEY AUTOINCREMENT, "user_id" integer NOT NULL REFERENCES "auth_user" ("id") DEFERRABLE INITIALLY DEFERRED, "group_id" integer NOT NULL REFERENCES "auth_group" ("id") DEFERRABLE INITIALLY DEFERRED);
CREATE TABLE IF NOT EXISTS "auth_user_user_permissions" ("id" integer NOT NULL PRIMARY KEY AUTOINCREMENT, "user_id" integer NOT NULL REFERENCES "auth_user" ("id") DEFERRABLE INITIALLY DEFERRED, "permission_id" integer NOT NULL REFERENCES "auth_permission" ("id") DEFERRABLE INITIALLY DEFERRED);
INSERT INTO auth_user_user_permissions VALUES(1,2,32);
INSERT INTO auth_user_user_permissions VALUES(2,2,29);
INSERT INTO auth_user_user_permissions VALUES(3,2,30);
INSERT INTO auth_user_user_permissions VALUES(4,2,31);
CREATE TABLE IF NOT EXISTS "django_admin_log" ("id" integer NOT NULL PRIMARY KEY AUTOINCREMENT, "object_id" text NULL, "object_repr" varchar(200) NOT NULL, "action_flag" smallint unsigned NOT NULL CHECK ("action_flag" >= 0), "change_message" text NOT NULL, "content_type_id" integer NULL REFERENCES "django_content_type" ("id") DEFERRABLE INITIALLY DEFERRED, "user_id" integer NOT NULL REFERENCES "auth_user" ("id") DEFERRABLE INITIALLY DEFERRED, "action_time" datetime NOT NULL);
INSERT INTO django_admin_log VALUES(1,'1','St Joseph Mission School',1,'[{"added": {}}]',8,1,'2025-12-22 13:53:08.555003');
INSERT INTO django_admin_log VALUES(2,'1','St Joseph Mission School',2,'[{"changed": {"fields": ["Address", "Phone"]}}]',8,1,'2025-12-22 15:08:31.365375');
INSERT INTO django_admin_log VALUES(3,'1','About St Joseph Mission School',2,'[{"changed": {"fields": ["History", "Mission", "Vision"]}}, {"added": {"name": "team member", "object": "Dr. Samson Samwel - Principal"}}]',9,1,'2025-12-22 15:51:27.331386');
INSERT INTO django_admin_log VALUES(4,'1','About St Joseph Mission School',2,'[{"changed": {"name": "team member", "object": "Dr. Samson Samwel - Principal", "fields": ["Email", "Phone"]}}]',9,1,'2025-12-22 15:54:43.444457');
INSERT INTO django_admin_log VALUES(5,'1','About St Joseph Mission School',2,'[{"changed": {"name": "team member", "object": "Dr. Samson Samwel - Principal", "fields": ["Image"]}}]',9,1,'2025-12-22 15:55:30.309770');
INSERT INTO django_admin_log VALUES(6,'1','Admission',1,'[{"added": {}}]',7,1,'2025-12-22 16:04:57.481974');
INSERT INTO django_admin_log VALUES(7,'2','Student Meeting',1,'[{"added": {}}]',7,1,'2025-12-22 16:20:24.172861');
INSERT INTO django_admin_log VALUES(8,'1','STEM Lab',1,'[{"added": {}}]',10,1,'2025-12-22 17:36:31.097138');
INSERT INTO django_admin_log VALUES(9,'1','STEM Lab',2,'[{"changed": {"fields": ["Image"]}}]',10,1,'2025-12-22 17:37:25.418954');
INSERT INTO django_admin_log VALUES(10,'3','IMPLEMENTING STEM LAB',1,'[{"added": {}}]',7,1,'2025-12-22 17:40:43.321249');
INSERT INTO django_admin_log VALUES(11,'3','IMPLEMENTING STEM LAB',2,'[{"changed": {"fields": ["Image"]}}]',7,1,'2025-12-22 17:42:35.779985');
INSERT INTO django_admin_log VALUES(12,'1','Admission',2,'[{"changed": {"fields": ["Image"]}}]',7,1,'2025-12-22 17:46:04.265271');
INSERT INTO django_admin_log VALUES(13,'1','Admission',3,'',7,1,'2025-12-25 06:40:24.444061');
INSERT INTO django_admin_log VALUES(14,'4','Admission',1,'[{"added": {}}]',7,1,'2025-12-25 06:41:49.441824');
INSERT INTO django_admin_log VALUES(15,'3','IMPLEMENTING STEM LAB',2,'[{"changed": {"fields": ["Image"]}}]',7,1,'2025-12-25 06:42:02.957170');
INSERT INTO django_admin_log VALUES(16,'2','Student Meeting',2,'[{"changed": {"fields": ["Image"]}}]',7,1,'2025-12-25 06:42:17.512720');
INSERT INTO django_admin_log VALUES(17,'3','Implementing STEM Lab',2,'[{"changed": {"fields": ["Title"]}}]',7,1,'2025-12-25 07:19:10.296290');
INSERT INTO django_admin_log VALUES(18,'2','Tr. Vandama Bapatla - Teacher',1,'[{"added": {}}]',11,1,'2025-12-26 12:03:40.291339');
INSERT INTO django_admin_log VALUES(19,'3','Tr. Grace Goodluck Mella - Teacher',1,'[{"added": {}}]',11,1,'2025-12-26 12:04:50.453656');
INSERT INTO django_admin_log VALUES(20,'1','About St Joseph Mission School',2,'[{"changed": {"name": "team member", "object": "Sr. Rosily Devassy Panjikkaran - Principal", "fields": ["Name"]}}]',9,1,'2025-12-26 16:33:30.255619');
INSERT INTO django_admin_log VALUES(21,'1','St Joseph Mission School',2,'[{"changed": {"fields": ["Principal name"]}}]',8,1,'2025-12-26 16:34:35.970017');
INSERT INTO django_admin_log VALUES(22,'4','Sr. Sunita Minj - Board Member',1,'[{"added": {}}]',11,1,'2025-12-26 16:52:44.057424');
INSERT INTO django_admin_log VALUES(23,'4','Sr. Sunita Minj - Board Member',2,'[{"changed": {"fields": ["Email", "Phone"]}}]',11,1,'2025-12-26 16:56:19.833506');
INSERT INTO django_admin_log VALUES(24,'3','Tr. Grace Goodluck Mella - Teacher',2,'[{"changed": {"fields": ["Email", "Phone"]}}]',11,1,'2025-12-26 16:57:11.565898');
INSERT INTO django_admin_log VALUES(25,'2','Tr. Vandama Bapatla - Teacher',2,'[{"changed": {"fields": ["Email", "Phone"]}}]',11,1,'2025-12-26 16:57:51.938745');
INSERT INTO django_admin_log VALUES(26,'1','Sr. Rosily Devassy Panjikkaran - Headmistress',2,'[{"changed": {"fields": ["Position"]}}]',11,1,'2025-12-26 17:07:03.557079');
INSERT INTO django_admin_log VALUES(27,'4','Sr. Sunita Minj - Manager',2,'[{"changed": {"fields": ["Position"]}}]',11,1,'2025-12-26 17:07:18.281595');
INSERT INTO django_admin_log VALUES(28,'3','Tr. Grace Goodluck Mella - Academic Dean',2,'[{"changed": {"fields": ["Position"]}}]',11,1,'2025-12-26 17:07:33.392648');
INSERT INTO django_admin_log VALUES(29,'2','Tr. Vandama Bapatla - Board Member',2,'[{"changed": {"fields": ["Position"]}}]',11,1,'2025-12-26 17:08:02.913754');
INSERT INTO django_admin_log VALUES(30,'3','Tr. Grace Goodluck Mella - Academic Dean',2,'[{"changed": {"fields": ["Image"]}}]',11,1,'2025-12-26 17:11:14.572570');
INSERT INTO django_admin_log VALUES(31,'2','Tr. Vandama Bapatla - Board Member',2,'[{"changed": {"fields": ["Image"]}}]',11,1,'2025-12-26 17:11:34.342818');
INSERT INTO django_admin_log VALUES(32,'4','Sr. Sunita Minj - Manager',2,'[{"changed": {"fields": ["Image"]}}]',11,1,'2025-12-26 17:11:47.099196');
INSERT INTO django_admin_log VALUES(33,'1','Sr. Rosily Devassy Panjikkaran - Headmistress',2,'[{"changed": {"fields": ["Image"]}}]',11,1,'2025-12-26 17:12:55.817449');
INSERT INTO django_admin_log VALUES(34,'1','Sr. Rosily Devassy Panjikkaran - Headmistress',2,'[{"changed": {"fields": ["Image"]}}]',11,1,'2025-12-26 17:13:52.031946');
INSERT INTO django_admin_log VALUES(35,'2','School Library',1,'[{"added": {}}]',10,1,'2025-12-26 17:18:13.597439');
INSERT INTO django_admin_log VALUES(36,'3','Sport & Games',1,'[{"added": {}}]',10,1,'2025-12-26 17:20:37.825572');
INSERT INTO django_admin_log VALUES(37,'4','School Church',1,'[{"added": {}}]',10,1,'2025-12-26 17:22:55.936490');
INSERT INTO django_admin_log VALUES(38,'5','Classroom',1,'[{"added": {}}]',10,1,'2025-12-26 17:25:12.168547');
INSERT INTO django_admin_log VALUES(39,'6','School Canteen',1,'[{"added": {}}]',10,1,'2025-12-26 17:27:02.552578');
INSERT INTO django_admin_log VALUES(40,'4','Admission',2,'[]',7,1,'2025-12-26 17:39:35.064240');
INSERT INTO django_admin_log VALUES(41,'5','Announcement',1,'[{"added": {}}]',7,1,'2025-12-26 17:40:26.156844');
INSERT INTO django_admin_log VALUES(42,'4','Admission',3,'',7,1,'2025-12-26 17:48:42.468431');
INSERT INTO django_admin_log VALUES(43,'2','ssonda645@gmail.com',1,'[{"added": {}}]',4,1,'2025-12-26 17:57:09.671512');
INSERT INTO django_admin_log VALUES(44,'2','ssonda645@gmail.com',2,'[{"changed": {"fields": ["First name", "Last name", "Email address", "Staff status", "User permissions"]}}]',4,1,'2025-12-26 18:00:01.626313');
INSERT INTO django_admin_log VALUES(45,'2','School Library',2,'[{"changed": {"fields": ["Description"]}}]',10,1,'2025-12-30 14:53:20.252564');
INSERT INTO django_admin_log VALUES(46,'1','STEM Lab',2,'[{"changed": {"fields": ["Description"]}}]',10,1,'2025-12-30 14:53:26.771299');
INSERT INTO django_admin_log VALUES(47,'1','About St Joseph Mission School',2,'[{"changed": {"fields": ["History"]}}]',9,1,'2025-12-31 16:05:58.662393');
INSERT INTO django_admin_log VALUES(48,'1','About St Joseph Mission School',2,'[{"changed": {"fields": ["History"]}}]',9,1,'2025-12-31 16:07:54.903166');
INSERT INTO django_admin_log VALUES(49,'1','samsonsamwel077@gmail.com',2,'[{"changed": {"fields": ["First name", "Last name"]}}]',4,1,'2026-01-01 06:47:34.331041');
INSERT INTO django_admin_log VALUES(50,'3','Prep II - Graduation 2025',2,'[{"changed": {"fields": ["Title"]}}]',7,1,'2026-01-01 06:56:18.695865');
INSERT INTO django_admin_log VALUES(51,'2','Prep II - Graduation 2025',2,'[{"changed": {"fields": ["Title", "Content"]}}]',7,1,'2026-01-01 06:58:45.046274');
INSERT INTO django_admin_log VALUES(52,'3','Prep II - Graduation 2025',2,'[{"changed": {"fields": ["Content"]}}]',7,1,'2026-01-01 06:59:29.431172');
INSERT INTO django_admin_log VALUES(53,'5','Announcement',2,'[{"changed": {"fields": ["Content"]}}]',7,1,'2026-01-01 07:01:48.721929');
INSERT INTO django_admin_log VALUES(54,'7','Results',3,'',14,1,'2026-01-01 11:08:17.826188');
CREATE TABLE IF NOT EXISTS "django_content_type" ("id" integer NOT NULL PRIMARY KEY AUTOINCREMENT, "app_label" varchar(100) NOT NULL, "model" varchar(100) NOT NULL);
INSERT INTO django_content_type VALUES(1,'admin','logentry');
INSERT INTO django_content_type VALUES(2,'auth','group');
INSERT INTO django_content_type VALUES(3,'auth','permission');
INSERT INTO django_content_type VALUES(4,'auth','user');
INSERT INTO django_content_type VALUES(5,'contenttypes','contenttype');
INSERT INTO django_content_type VALUES(6,'sessions','session');
INSERT INTO django_content_type VALUES(7,'school_app','news');
INSERT INTO django_content_type VALUES(8,'school_app','schoolinfo');
INSERT INTO django_content_type VALUES(9,'about_app','aboutpage');
INSERT INTO django_content_type VALUES(10,'about_app','facility');
INSERT INTO django_content_type VALUES(11,'about_app','teammember');
INSERT INTO django_content_type VALUES(12,'contact_app','contactinfo');
INSERT INTO django_content_type VALUES(13,'contact_app','contactmessage');
INSERT INTO django_content_type VALUES(14,'school_app','documentcategory');
INSERT INTO django_content_type VALUES(15,'school_app','downloadabledocument');
CREATE TABLE IF NOT EXISTS "auth_permission" ("id" integer NOT NULL PRIMARY KEY AUTOINCREMENT, "content_type_id" integer NOT NULL REFERENCES "django_content_type" ("id") DEFERRABLE INITIALLY DEFERRED, "codename" varchar(100) NOT NULL, "name" varchar(255) NOT NULL);
INSERT INTO auth_permission VALUES(1,1,'add_logentry','Can add log entry');
INSERT INTO auth_permission VALUES(2,1,'change_logentry','Can change log entry');
INSERT INTO auth_permission VALUES(3,1,'delete_logentry','Can delete log entry');
INSERT INTO auth_permission VALUES(4,1,'view_logentry','Can view log entry');
INSERT INTO auth_permission VALUES(5,3,'add_permission','Can add permission');
INSERT INTO auth_permission VALUES(6,3,'change_permission','Can change permission');
INSERT INTO auth_permission VALUES(7,3,'delete_permission','Can delete permission');
INSERT INTO auth_permission VALUES(8,3,'view_permission','Can view permission');
INSERT INTO auth_permission VALUES(9,2,'add_group','Can add group');
INSERT INTO auth_permission VALUES(10,2,'change_group','Can change group');
INSERT INTO auth_permission VALUES(11,2,'delete_group','Can delete group');
INSERT INTO auth_permission VALUES(12,2,'view_group','Can view group');
INSERT INTO auth_permission VALUES(13,4,'add_user','Can add user');
INSERT INTO auth_permission VALUES(14,4,'change_user','Can change user');
INSERT INTO auth_permission VALUES(15,4,'delete_user','Can delete user');
INSERT INTO auth_permission VALUES(16,4,'view_user','Can view user');
INSERT INTO auth_permission VALUES(17,5,'add_contenttype','Can add content type');
INSERT INTO auth_permission VALUES(18,5,'change_contenttype','Can change content type');
INSERT INTO auth_permission VALUES(19,5,'delete_contenttype','Can delete content type');
INSERT INTO auth_permission VALUES(20,5,'view_contenttype','Can view content type');
INSERT INTO auth_permission VALUES(21,6,'add_session','Can add session');
INSERT INTO auth_permission VALUES(22,6,'change_session','Can change session');
INSERT INTO auth_permission VALUES(23,6,'delete_session','Can delete session');
INSERT INTO auth_permission VALUES(24,6,'view_session','Can view session');
INSERT INTO auth_permission VALUES(25,8,'add_schoolinfo','Can add school info');
INSERT INTO auth_permission VALUES(26,8,'change_schoolinfo','Can change school info');
INSERT INTO auth_permission VALUES(27,8,'delete_schoolinfo','Can delete school info');
INSERT INTO auth_permission VALUES(28,8,'view_schoolinfo','Can view school info');
INSERT INTO auth_permission VALUES(29,7,'add_news','Can add news');
INSERT INTO auth_permission VALUES(30,7,'change_news','Can change news');
INSERT INTO auth_permission VALUES(31,7,'delete_news','Can delete news');
INSERT INTO auth_permission VALUES(32,7,'view_news','Can view news');
INSERT INTO auth_permission VALUES(33,11,'add_teammember','Can add team member');
INSERT INTO auth_permission VALUES(34,11,'change_teammember','Can change team member');
INSERT INTO auth_permission VALUES(35,11,'delete_teammember','Can delete team member');
INSERT INTO auth_permission VALUES(36,11,'view_teammember','Can view team member');
INSERT INTO auth_permission VALUES(37,10,'add_facility','Can add facility');
INSERT INTO auth_permission VALUES(38,10,'change_facility','Can change facility');
INSERT INTO auth_permission VALUES(39,10,'delete_facility','Can delete facility');
INSERT INTO auth_permission VALUES(40,10,'view_facility','Can view facility');
INSERT INTO auth_permission VALUES(41,9,'add_aboutpage','Can add about page');
INSERT INTO auth_permission VALUES(42,9,'change_aboutpage','Can change about page');
INSERT INTO auth_permission VALUES(43,9,'delete_aboutpage','Can delete about page');
INSERT INTO auth_permission VALUES(44,9,'view_aboutpage','Can view about page');
INSERT INTO auth_permission VALUES(45,12,'add_contactinfo','Can add contact info');
INSERT INTO auth_permission VALUES(46,12,'change_contactinfo','Can change contact info');
INSERT INTO auth_permission VALUES(47,12,'delete_contactinfo','Can delete contact info');
INSERT INTO auth_permission VALUES(48,12,'view_contactinfo','Can view contact info');
INSERT INTO auth_permission VALUES(49,13,'add_contactmessage','Can add contact message');
INSERT INTO auth_permission VALUES(50,13,'change_contactmessage','Can change contact message');
INSERT INTO auth_permission VALUES(51,13,'delete_contactmessage','Can delete contact message');
INSERT INTO auth_permission VALUES(52,13,'view_contactmessage','Can view contact message');
INSERT INTO auth_permission VALUES(53,15,'add_downloadabledocument','Can add Downloadable Document');
INSERT INTO auth_permission VALUES(54,15,'change_downloadabledocument','Can change Downloadable Document');
INSERT INTO auth_permission VALUES(55,15,'delete_downloadabledocument','Can delete Downloadable Document');
INSERT INTO auth_permission VALUES(56,15,'view_downloadabledocument','Can view Downloadable Document');
INSERT INTO auth_permission VALUES(57,14,'add_documentcategory','Can add document category');
INSERT INTO auth_permission VALUES(58,14,'change_documentcategory','Can change document category');
INSERT INTO auth_permission VALUES(59,14,'delete_documentcategory','Can delete document category');
INSERT INTO auth_permission VALUES(60,14,'view_documentcategory','Can view document category');
CREATE TABLE IF NOT EXISTS "auth_group" ("id" integer NOT NULL PRIMARY KEY AUTOINCREMENT, "name" varchar(150) NOT NULL UNIQUE);
CREATE TABLE IF NOT EXISTS "auth_user" ("id" integer NOT NULL PRIMARY KEY AUTOINCREMENT, "password" varchar(128) NOT NULL, "last_login" datetime NULL, "is_superuser" bool NOT NULL, "username" varchar(150) NOT NULL UNIQUE, "last_name" varchar(150) NOT NULL, "email" varchar(254) NOT NULL, "is_staff" bool NOT NULL, "is_active" bool NOT NULL, "date_joined" datetime NOT NULL, "first_name" varchar(150) NOT NULL);
INSERT INTO auth_user VALUES(1,'pbkdf2_sha256$1200000$AUURuAoMWFBhfG6BLIL0db$JkLCVA3+/VZ3n+362hqm0RyUIJ89xtEdtqUVF/mopIE=','2026-01-01 11:26:57.976411',1,'samsonsamwel077@gmail.com','admin','samsonsamwel077@gmail.com',1,1,'2025-12-22 13:17:57','admin');
INSERT INTO auth_user VALUES(2,'pbkdf2_sha256$1200000$mZcFLLzsTUMscdk4cxhqAw$tCQNaJNayIcX+ggBbfdgFVZv0d9HepPTMvLCDKIFqmI=','2025-12-26 18:37:10.916638',0,'ssonda645@gmail.com','Samwel','ssonda645@gmail.com',1,1,'2025-12-26 17:57:07','Samson');
CREATE TABLE IF NOT EXISTS "school_app_schoolinfo" ("id" integer NOT NULL PRIMARY KEY AUTOINCREMENT, "name" varchar(200) NOT NULL, "motto" varchar(200) NOT NULL, "address" text NOT NULL, "phone" varchar(20) NOT NULL, "email" varchar(254) NOT NULL, "principal_name" varchar(100) NOT NULL, "principal_message" text NOT NULL);
INSERT INTO school_app_schoolinfo VALUES(1,'St Joseph Mission School','ONWARD AND UPWARD, LOVE AND SERVICE','P.O.BOX 830, CHEMBA - DODOMA','+255 620 213 803','info@stjosephmissionschool.co.tz','Sr. Rosily Devassy Panjikkaran','Life is Journey with onward and upward movement. St Joseph''s School aims at providing a holistic Education paying attention to each pupil''s background and personality wit love and patience exemplified in the life of Jesus Christ. Thus our pupils are gradually led to self-formation and the development pf sense of responsibility and concern for the country and the people, as they excel in academic achievements.');
CREATE TABLE IF NOT EXISTS "school_app_news" ("id" integer NOT NULL PRIMARY KEY AUTOINCREMENT, "title" varchar(200) NOT NULL, "content" text NOT NULL, "news_type" varchar(20) NOT NULL, "image" varchar(100) NULL, "created_at" datetime NOT NULL, "updated_at" datetime NOT NULL, "is_published" bool NOT NULL, "created_by_id" integer NULL REFERENCES "auth_user" ("id") DEFERRABLE INITIALLY DEFERRED);
INSERT INTO school_app_news VALUES(2,'Prep II - Graduation 2025','Prep II student with their teacher in one picture  during the graduation event 2025','general','news_images/2008_06_18_05_24_IMG_2587.JPG','2025-12-22 16:19:14','2026-01-01 06:58:45.030298',1,1);
INSERT INTO school_app_news VALUES(3,'Prep II - Graduation 2025','St. Joseph Mission School is Catholic institution belongs to the Congregation of the Sisters of St. Joseph of Annecy.','event','news_images/2016_03_29_20_28_IMG_2588.JPG','2025-12-22 17:39:27','2026-01-01 06:59:29.410396',1,1);
INSERT INTO school_app_news VALUES(5,'Announcement','St. Joseph Mission School announced the academic year for 2025 now is open visit our school to get application form or contact us for more information.','announcement','news_images/2025_12_24_14_53_IMG_2591_jR1wifq.JPG','2025-12-26 17:39:35','2026-01-01 07:01:48.709931',1,1);
CREATE TABLE IF NOT EXISTS "django_session" ("session_key" varchar(40) NOT NULL PRIMARY KEY, "session_data" text NOT NULL, "expire_date" datetime NOT NULL);
INSERT INTO django_session VALUES('nc6gcjs6ris2lz5pcnewnnfqbdubn316','.eJxVjEEOwiAQRe_C2hCGIohL956BzAxTqRpISrsy3l2bdKHb_977L5VwXUpau8xpyuqsQB1-N0J-SN1AvmO9Nc2tLvNEelP0Tru-tizPy-7-HRTs5Vuz95GiAYjGycjCJGBOQi4PJiDQMXhD4MkhB7CO0bJ3wdJoaQiBUb0_5-o4Eg:1vZBvL:Sy9azWuocpRXqVbQTkTJG1H6XkLCvb8IUjp5lkpRnb8','2026-01-09 17:48:23.710476');
INSERT INTO django_session VALUES('t4su7abc8391ednexs6qzq5s7vw2qe28','.eJxVjDkOwjAUBe_iGlmOEy-hpOcM1t-MA8iWslSIu0OkFNC-mXkvlWBbS9oWmdPE6qysOv1uCPSQugO-Q701Ta2u84R6V_RBF31tLM_L4f4dFFjKt46x760PJuZM6GFkFHQiYKMPRJ4ZnJHem4GH2A2SnSMccxi7TB5QrHp_APtcONQ:1vZC71:OBxbsTCizQ_61XC2df3hhBY-Aei51bfhWg1DKI5FlJ4','2026-01-09 18:00:27.151474');
INSERT INTO django_session VALUES('bhv71ul54y8is2a4518psefgnonnjoi5','.eJxVjEEOwiAQRe_C2hCGIohL956BzAxTqRpISrsy3l2bdKHb_977L5VwXUpau8xpyuqsQB1-N0J-SN1AvmO9Nc2tLvNEelP0Tru-tizPy-7-HRTs5Vuz95GiAYjGycjCJGBOQi4PJiDQMXhD4MkhB7CO0bJ3wdJoaQiBUb0_5-o4Eg:1vbE58:Trpz-qB5U09vIMwpF79auwHaeyJjeKGQ3GioYyIs5e4','2026-01-15 08:30:54.567184');
INSERT INTO django_session VALUES('i8w6w0l3vr1u579swhshf2shnzgrkn2w','.eJxVjEEOwiAQRe_C2hCGIohL956BzAxTqRpISrsy3l2bdKHb_977L5VwXUpau8xpyuqsQB1-N0J-SN1AvmO9Nc2tLvNEelP0Tru-tizPy-7-HRTs5Vuz95GiAYjGycjCJGBOQi4PJiDQMXhD4MkhB7CO0bJ3wdJoaQiBUb0_5-o4Eg:1vbFuy:okHVJgSOKgCrLx4KX5iOOdh7aYwhq4yft6IPWBK9ZZg','2026-01-15 10:28:32.140438');
CREATE TABLE IF NOT EXISTS "about_app_aboutpage" ("id" integer NOT NULL PRIMARY KEY AUTOINCREMENT, "title" varchar(200) NOT NULL, "history" text NOT NULL, "mission" text NOT NULL, "vision" text NOT NULL, "values" text NOT NULL, "achievements" text NOT NULL, "updated_at" datetime NOT NULL);
INSERT INTO about_app_aboutpage VALUES(1,'About St Joseph Mission School',replace(replace('The sisters of St. Joseph of Annecy came to Tanzania in the year 2004. They started their Health Care Ministry in Dumila, Morogoro Region. Then extended their services in Education in collaboration with Missionaries of Dt. Francis De Sales in Tabora. Now the sisters started their Educational ministry in Chemba.\r\nSt. Joseph Mission School is Catholic institution belongs to the Congregation of the Sisters of St. Joseph of Annecy. It is an International missionary Society, based in France, Annecy. St. Joseph''s Mission School, Chemba is established in 2020 by the Srs. of St. Joseph Annecy Tanzania. It is within the Religious jurisdiction of the Roman Catholic Bishop of Kondoa. It is recognized by the Educational Department of Government of Tanzania. The School Registration No. EM.18297. The medium of instruction is English, with due emphasis on the study of National Language.','\r',char(13)),'\n',char(10)),'Fostering in each pupil the development of Moral, Ethical, Spiritual, Emotional, and Humane values, which will help them to become responsible citizen who respect Tradition Culture and the environment.','To Be The Model School of Excellence and of Quality Education for The Honor and Glory of God and Nation','','','2025-12-31 16:07:54.891517');
CREATE TABLE IF NOT EXISTS "about_app_facility" ("id" integer NOT NULL PRIMARY KEY AUTOINCREMENT, "name" varchar(100) NOT NULL, "description" text NOT NULL, "image" varchar(100) NULL, "icon" varchar(50) NOT NULL, "about_page_id" bigint NOT NULL REFERENCES "about_app_aboutpage" ("id") DEFERRABLE INITIALLY DEFERRED);
INSERT INTO about_app_facility VALUES(1,'STEM Lab','','facility_images/stme.jpg','fas fa-robot',1);
INSERT INTO about_app_facility VALUES(2,'School Library','','facility_images/library.jpg','fas fa-library',1);
INSERT INTO about_app_facility VALUES(3,'Sport & Games','','facility_images/images_5.jpg','',1);
INSERT INTO about_app_facility VALUES(4,'School Church','','facility_images/images_6.jpg','',1);
INSERT INTO about_app_facility VALUES(5,'Classroom','','facility_images/images_7.jpg','',1);
INSERT INTO about_app_facility VALUES(6,'School Canteen','','facility_images/download_1.jpg','',1);
CREATE TABLE IF NOT EXISTS "contact_app_contactinfo" ("id" integer NOT NULL PRIMARY KEY AUTOINCREMENT, "title" varchar(200) NOT NULL, "address" text NOT NULL, "phone" varchar(20) NOT NULL, "email" varchar(254) NOT NULL, "fax" varchar(20) NOT NULL, "office_hours" text NOT NULL, "map_embed_code" text NOT NULL, "updated_at" datetime NOT NULL);
CREATE TABLE IF NOT EXISTS "contact_app_contactmessage" ("id" integer NOT NULL PRIMARY KEY AUTOINCREMENT, "name" varchar(100) NOT NULL, "email" varchar(254) NOT NULL, "phone" varchar(20) NOT NULL, "subject" varchar(200) NOT NULL, "message" text NOT NULL, "submitted_at" datetime NOT NULL, "status" varchar(10) NOT NULL, "admin_notes" text NOT NULL);
INSERT INTO contact_app_contactmessage VALUES(1,'Samson Samwel','ssonda645@gmail.com','0623113346','Request for Education Support',replace(replace('txcv;jnk;ml'',\r\n.','\r',char(13)),'\n',char(10)),'2025-12-31 17:36:15.396655','pending','');
INSERT INTO contact_app_contactmessage VALUES(2,'Samson Samwel','ssonda645@gmail.com','0623113346','Request for Education Support','zxcjvhkln;m'',','2025-12-31 17:37:16.140679','pending','');
INSERT INTO contact_app_contactmessage VALUES(3,'Samson Samwel','lunodzo@mzumbe.ac.tz','+255 620 213 803','Request for Education Support','sdk;''l','2025-12-31 17:38:46.342631','pending','');
INSERT INTO contact_app_contactmessage VALUES(4,'Samson Samwel','ssonda645@gmail.com','0623113346','Request for Education Support','adasdasd','2026-01-01 11:17:38.921207','pending','');
INSERT INTO contact_app_contactmessage VALUES(5,'Samson Samwel','ssonda645@gmail.com','0623113346','Request for Cleaning Services','gzfxhgcjhvkbln','2026-01-01 11:24:13.919513','pending','');
INSERT INTO contact_app_contactmessage VALUES(6,'Academic Calendar','admin.admin@gmail.com','0766545454','Request for Cleaning Services','assfsfs','2026-01-01 11:26:23.345284','pending','');
CREATE TABLE IF NOT EXISTS "about_app_teammember" ("id" integer NOT NULL PRIMARY KEY AUTOINCREMENT, "name" varchar(100) NOT NULL, "department" varchar(100) NOT NULL, "qualification" varchar(200) NOT NULL, "bio" text NOT NULL, "image" varchar(100) NULL, "email" varchar(254) NOT NULL, "phone" varchar(20) NOT NULL, "join_date" date NOT NULL, "is_active" bool NOT NULL, "order" integer unsigned NOT NULL CHECK ("order" >= 0), "about_page_id" bigint NOT NULL REFERENCES "about_app_aboutpage" ("id") DEFERRABLE INITIALLY DEFERRED, "position" varchar(30) NOT NULL);
INSERT INTO about_app_teammember VALUES(1,'Sr. Rosily Devassy Panjikkaran','','','','team_images/images_3.jpg','samsonsamwel@gmail.com','+255 623 113 346','2025-12-22',1,0,1,'headmistress');
INSERT INTO about_app_teammember VALUES(2,'Tr. Vandama Bapatla','','','','team_images/images.jpg','vandamabapatla@stjosephmissionscholl.ac.tz','+255 620 213 803','2025-12-26',1,0,1,'board');
INSERT INTO about_app_teammember VALUES(3,'Tr. Grace Goodluck Mella','','','','team_images/tech-1.jpg','grace.mella@stjosephmissionschool.ac.tz','+255 620 213 803','2025-12-26',1,0,1,'academic_dean');
INSERT INTO about_app_teammember VALUES(4,'Sr. Sunita Minj','','','','team_images/images_1.jpg','sunita.minj@stjosephmissionscholl.ac.tz','0766545454','2025-12-26',1,0,1,'manager');
CREATE TABLE IF NOT EXISTS "school_app_documentcategory" ("id" integer NOT NULL PRIMARY KEY AUTOINCREMENT, "name" varchar(100) NOT NULL, "slug" varchar(50) NOT NULL UNIQUE, "description" text NOT NULL, "icon" varchar(50) NOT NULL, "display_order" integer NOT NULL, "is_active" bool NOT NULL);
INSERT INTO school_app_documentcategory VALUES(1,'Academic Calendar','academic-calendar','','fas fa-calendar-alt',1,1);
INSERT INTO school_app_documentcategory VALUES(2,'Admissions','admissions','','fas fa-graduation-cap',2,1);
INSERT INTO school_app_documentcategory VALUES(3,'Application Forms','application-forms','','fas fa-file-alt',3,1);
INSERT INTO school_app_documentcategory VALUES(4,'School Policies','school-policies','','fas fa-gavel',4,1);
INSERT INTO school_app_documentcategory VALUES(5,'Exam Papers','exam-papers','','fas fa-file-contract',5,1);
INSERT INTO school_app_documentcategory VALUES(6,'Reports','reports','','fas fa-chart-bar',6,1);
CREATE TABLE IF NOT EXISTS "school_app_downloadabledocument" ("id" integer NOT NULL PRIMARY KEY AUTOINCREMENT, "title" varchar(200) NOT NULL, "slug" varchar(50) NOT NULL UNIQUE, "description" text NOT NULL, "file" varchar(100) NOT NULL, "file_type" varchar(10) NOT NULL, "file_size" varchar(20) NOT NULL, "thumbnail" varchar(100) NULL, "download_count" integer NOT NULL, "is_active" bool NOT NULL, "requires_login" bool NOT NULL, "created_at" datetime NOT NULL, "updated_at" datetime NOT NULL, "published_date" date NOT NULL, "category_id" bigint NOT NULL REFERENCES "school_app_documentcategory" ("id") DEFERRABLE INITIALLY DEFERRED, "created_by_id" integer NULL REFERENCES "auth_user" ("id") DEFERRABLE INITIALLY DEFERRED);
DELETE FROM sqlite_sequence;
INSERT INTO sqlite_sequence VALUES('django_migrations',23);
INSERT INTO sqlite_sequence VALUES('django_admin_log',54);
INSERT INTO sqlite_sequence VALUES('django_content_type',15);
INSERT INTO sqlite_sequence VALUES('auth_permission',60);
INSERT INTO sqlite_sequence VALUES('auth_group',0);
INSERT INTO sqlite_sequence VALUES('auth_user',2);
INSERT INTO sqlite_sequence VALUES('school_app_schoolinfo',1);
INSERT INTO sqlite_sequence VALUES('about_app_aboutpage',1);
INSERT INTO sqlite_sequence VALUES('school_app_news',5);
INSERT INTO sqlite_sequence VALUES('about_app_facility',6);
INSERT INTO sqlite_sequence VALUES('about_app_teammember',4);
INSERT INTO sqlite_sequence VALUES('auth_user_user_permissions',4);
INSERT INTO sqlite_sequence VALUES('contact_app_contactmessage',6);
INSERT INTO sqlite_sequence VALUES('school_app_documentcategory',7);
INSERT INTO sqlite_sequence VALUES('school_app_downloadabledocument',1);
CREATE UNIQUE INDEX "auth_group_permissions_group_id_permission_id_0cd325b0_uniq" ON "auth_group_permissions" ("group_id", "permission_id");
CREATE INDEX "auth_group_permissions_group_id_b120cbf9" ON "auth_group_permissions" ("group_id");
CREATE INDEX "auth_group_permissions_permission_id_84c5c92e" ON "auth_group_permissions" ("permission_id");
CREATE UNIQUE INDEX "auth_user_groups_user_id_group_id_94350c0c_uniq" ON "auth_user_groups" ("user_id", "group_id");
CREATE INDEX "auth_user_groups_user_id_6a12ed8b" ON "auth_user_groups" ("user_id");
CREATE INDEX "auth_user_groups_group_id_97559544" ON "auth_user_groups" ("group_id");
CREATE UNIQUE INDEX "auth_user_user_permissions_user_id_permission_id_14a6b632_uniq" ON "auth_user_user_permissions" ("user_id", "permission_id");
CREATE INDEX "auth_user_user_permissions_user_id_a95ead1b" ON "auth_user_user_permissions" ("user_id");
CREATE INDEX "auth_user_user_permissions_permission_id_1fbb5f2c" ON "auth_user_user_permissions" ("permission_id");
CREATE INDEX "django_admin_log_content_type_id_c4bce8eb" ON "django_admin_log" ("content_type_id");
CREATE INDEX "django_admin_log_user_id_c564eba6" ON "django_admin_log" ("user_id");
CREATE UNIQUE INDEX "django_content_type_app_label_model_76bd3d3b_uniq" ON "django_content_type" ("app_label", "model");
CREATE UNIQUE INDEX "auth_permission_content_type_id_codename_01ab375a_uniq" ON "auth_permission" ("content_type_id", "codename");
CREATE INDEX "auth_permission_content_type_id_2f476e4b" ON "auth_permission" ("content_type_id");
CREATE INDEX "school_app_news_created_by_id_1a39a1a6" ON "school_app_news" ("created_by_id");
CREATE INDEX "django_session_expire_date_a5c62663" ON "django_session" ("expire_date");
CREATE INDEX "about_app_facility_about_page_id_df0217a4" ON "about_app_facility" ("about_page_id");
CREATE INDEX "about_app_teammember_about_page_id_17303480" ON "about_app_teammember" ("about_page_id");
CREATE INDEX "school_app_downloadabledocument_category_id_616ff433" ON "school_app_downloadabledocument" ("category_id");
CREATE INDEX "school_app_downloadabledocument_created_by_id_8af16967" ON "school_app_downloadabledocument" ("created_by_id");
COMMIT;
